,home,downtown,nature,nearby city
home,,0.3411513859275053,1.9874591057797164,5.16096256684492
local icon,0.9663299663299664,2.016042780748663,2.1345707656612527,5.2092092092092095
grocery,0.26492537313432835,0.6608040201005025,2.3299093655589123,5.357615894039735
hospital,0.7994186046511628,0.6801801801801802,2.1380331753554502,5.953516090584029
stadium,0.7142857142857143,-0.1032258064516129,2.5690680766688696,3.8666245259165613
