,home,downtown,nature,nearby city
home,,0.8085106382978723,3.76445023902651,4.721816358687867
local icon,3.4272850067537144,3.41131221719457,,3.020671476137625
grocery,0.7150537634408602,0.6319444444444444,3.610869565217391,4.67134670487106
hospital,0.21008403361344538,0.1388888888888889,3.714717306862322,4.703158496498499
stadium,1.1840490797546013,1.2479338842975207,3.6530522617479138,4.6886589047003016
