,home,downtown,nature,nearby city
home,,0.15384615384615385,0.2716049382716049,2.184971098265896
local icon,0.3292181069958848,0.5543478260869565,0.6945812807881774,2.3856968215158925
grocery,0.4140127388535032,0.4306122448979592,0.5085470085470085,2.749515816655907
hospital,-0.04807692307692308,0.1172962226640159,-0.04504504504504504,2.145077720207254
stadium,0.7679814385150812,0.6777777777777778,1.34,2.5930379746835444
