,home,downtown,nature,nearby city
home,,0.8047337278106509,2.55968992248062,2.145928338762215
local icon,1.6492957746478873,0.1949685534591195,3.7431118314424636,1.7575962187711005
grocery,-0.038461538461538464,0.7602996254681648,2.5073020753266717,2.095084087968952
hospital,0.42735042735042733,0.5530474040632054,3.134763948497854,2.2680851063829786
stadium,1.1733333333333333,0.7214611872146118,3.8823529411764706,2.669348939283102
