,home,downtown,nature,nearby city
home,,0.6557911908646004,0.8482428115015974,2.000888888888889
local icon,0.6874340021119324,0.41702127659574467,1.05736137667304,1.2658907788719784
grocery,0.8703403565640194,1.1257413997627521,1.5735294117647058,2.4514200298953663
hospital,0.7224199288256228,0.9308176100628931,1.0760233918128654,2.288407163053723
stadium,1.284377923292797,0.8432934926958832,1.4858420268256334,0.8733401430030644
