,home,downtown,nature,nearby city
home,,,1.9223057644110275,3.623943185661143
local icon,0.950682056663169,0.950682056663169,,3.2993039443155454
grocery,0.7793296089385475,0.7793296089385475,1.9705882352941178,3.590617617279784
hospital,0.5732899022801303,0.5732899022801303,1.9585185185185185,3.618131868131868
stadium,0.2576271186440678,0.2576271186440678,1.5162271805273835,3.278614940686117
