,home,downtown,nature,nearby city
home,,1.563921568627451,1.778672032193159,1.9315718157181572
local icon,2.4398888116747743,1.2605304212168487,2.6151560178306092,2.3982737361282367
grocery,1.335,1.6209150326797386,1.9596412556053813,1.9936842105263157
hospital,2.25,1.011178861788618,2.3825136612021858,1.6810886252616888
stadium,2.292116182572614,0.7109004739336493,2.491906474820144,1.584045584045584
