,home,downtown,nature,nearby city
home,,0.32407407407407407,0.9887640449438202,1.4705882352941178
local icon,0.5857519788918206,0.42363112391930835,0.7539432176656151,1.5476429287863591
grocery,1.1014492753623188,1.0587044534412955,1.0961538461538463,2.2173469387755103
hospital,0.18456375838926176,-0.1184573002754821,2.7899159663865545,1.25234375
stadium,0.5857519788918206,0.42363112391930835,0.7539432176656151,1.5476429287863591
