,home,downtown,nature,nearby city
home,,0.9744897959183674,1.1705948372615038,4.13873473917869
local icon,0.7027624309392265,0.5442260442260443,0.008188331627430911,3.1332728921124207
grocery,0.3051948051948052,0.3684210526315789,1.1496674057649667,4.1271036315323295
hospital,1.1354466858789625,1.2583732057416268,0.278,3.8011862917398944
stadium,0.3032258064516129,0.1368421052631579,0.5487646293888166,3.991534862998441
