,home,downtown,nature,nearby city
home,,-0.2411764705882353,2.36417157275021,2.9213217938631
local icon,0.11538461538461539,2.5384615384615383,2.170826833073323,2.7305900621118013
grocery,0.024793388429752067,-0.08716707021791767,2.6919291338582676,2.0015873015873016
hospital,-0.39299610894941633,-0.2817955112219451,2.798219584569733,3.175467099918765
stadium,-0.1872146118721461,-0.5032679738562091,2.086429112964367,2.715732087227414
