,home,downtown,nature,nearby city
home,,0.47186147186147187,0.8472527472527472,3.4626978146194425
local icon,0.5469953775038521,-0.19886363636363635,0.2465437788018433,3.697981906750174
grocery,2.452830188679245,1.5982142857142858,1.5463297232250302,4.310965630114566
hospital,0.26813880126182965,0.01873536299765808,0.3754556500607533,3.5529733424470265
stadium,0.6446469248291572,0.20961538461538462,0.6577726218097448,4.255520504731861
