,home,downtown,nature,nearby city
home,,1.3094170403587444,1.7763975155279503,3.4634239754883187
local icon,0.9374389051808406,-0.13366336633663367,2.325301204819277,4.6431739773287335
grocery,-0.1299638989169675,1.5380281690140845,1.9320327249842668,3.7097571016879374
hospital,1.2854561878952122,0.9629629629629629,2.0633879781420763,4.605077574047955
stadium,1.4106508875739645,1.04,2.264736297828335,4.6722523410547065
