,home,downtown,nature,nearby city
home,,-0.3707627118644068,0.2148664343786295,1.5753862546616941
local icon,0.1804733727810651,0.3657858136300417,0.5665158371040724,2.1429384965831435
grocery,0.00804289544235925,0.012658227848101266,0.3895966029723992,2.236190476190476
hospital,0.23132530120481928,0.12908496732026145,0.5880829015544041,1.3846153846153846
stadium,0.506578947368421,0.501577287066246,0.6161473087818697,1.6854323853743471
