,home,downtown,nature,nearby city
home,,0.5874125874125874,1.2061281337047354,5.5471181556195965
local icon,0.5621890547263682,2.264705882352941,1.6200274348422496,5.533872598584429
grocery,0.4269005847953216,0.9344608879492601,0.7054794520547946,5.449825540823447
hospital,0.3504273504273504,1.5721649484536082,1.029874213836478,5.505550811272417
stadium,0.46,1.4303797468354431,1.0610583446404342,5.524491549699227
