,home,downtown,nature,nearby city
home,,1.608695652173913,2.9299450549450547,7.298578199052133
local icon,0.9682539682539683,0.2,3.1292906178489703,6.845911047345767
grocery,0.6153846153846154,1.8768115942028984,2.3928035982008997,7.071799307958478
hospital,0.9329896907216495,1.7104591836734695,1.4452173913043478,6.538962731300495
stadium,0.4026666666666667,1.503787878787879,1.7515657620041754,7.035340684195646
