,home,downtown,nature,nearby city
home,,0.8642241379310345,1.4943820224719102,5.033785654943229
local icon,-0.35,0.8168103448275862,1.4696629213483146,5.032400996953752
grocery,0.8206039076376554,-0.0425531914893617,1.065217391304348,5.053869291769209
hospital,1.0,0.5846153846153846,1.4168618266978923,5.021739130434782
stadium,0.6382978723404256,0.10181818181818182,0.9038461538461539,5.047384278279924
