,home,downtown,nature,nearby city
home,,-0.34951456310679613,2.7772967772967774,2.723870056497175
local icon,0.9187279151943463,1.011090573012939,2.594243268337976,2.459785522788204
grocery,0.04794520547945205,-0.054878048780487805,2.90381679389313,2.9071373752877974
hospital,0.9933554817275747,1.0831889081455806,2.627851711026616,2.5041608876560333
stadium,0.2217573221757322,0.1,3.175954592363261,3.3205329153605017
