,home,downtown,nature,nearby city
home,,0.6798866855524079,0.6132075471698113,1.9759656652360515
local icon,0.42955326460481097,0.38333333333333336,0.4957983193277311,2.367943548387097
grocery,0.38181818181818183,0.6451612903225806,0.6081081081081081,2.4209636517328823
hospital,0.02973977695167286,0.012345679012345678,0.08123569794050343,1.7529296875
stadium,0.7512274959083469,0.38734177215189874,0.7548005908419497,1.9451476793248945
