,home,downtown,nature,nearby city
home,,0.7545454545454545,1.6990920881971465,2.306399482870071
local icon,1.6332378223495703,1.352813852813853,1.7252747252747254,2.1879625061667487
grocery,0.4690909090909091,0.5929978118161926,1.4522613065326633,2.685956245589273
hospital,1.0695652173913044,1.0,1.6526315789473685,1.9634146341463414
stadium,0.696319018404908,0.06613226452905811,0.6442141623488774,2.146503884572697
