,home,downtown,nature,nearby city
home,,0.3058103975535168,0.1459227467811159,4.542392959891691
local icon,-0.0031746031746031746,-0.17307692307692307,-0.11247443762781185,4.275390310638983
grocery,0.4339622641509434,-0.010416666666666666,0.4881516587677725,4.452997161462681
hospital,0.5927750410509032,0.6296743063932448,0.48875,4.336359292881032
stadium,0.04504504504504504,-0.14114114114114115,-0.13839285714285715,4.309790550414029
