,home,downtown,nature,nearby city
home,,,2.5678346810422283,4.743509865005192
local icon,2.2714156898106403,2.2714156898106403,,4.169678985702725
grocery,0.989247311827957,0.989247311827957,2.4620187304890737,4.920568851890392
hospital,1.248868778280543,1.248868778280543,1.7537254901960784,4.723972602739726
stadium,0.29411764705882354,0.29411764705882354,2.317434210526316,4.649932157394844
