,home,downtown,nature,nearby city
home,,0.06639004149377593,0.7875647668393783,1.0907668231611893
local icon,0.4144736842105263,-0.00909090909090909,0.7912621359223301,1.0840579710144929
grocery,0.375,0.8472222222222222,0.5255474452554745,0.9617486338797814
hospital,0.2804532577903683,0.1592356687898089,0.5329428989751098,0.39314516129032256
stadium,0.2196969696969697,0.16535433070866143,0.45403111739745405,0.2633333333333333
