,home,downtown,nature,nearby city
home,,-0.042105263157894736,2.6513409961685825,2.856983551714525
local icon,0.6101190476190477,0.2780612244897959,2.303339517625232,2.831191088260497
grocery,0.6529680365296804,0.8929889298892989,2.5608656447249776,2.964665326055731
hospital,0.7587548638132295,0.3333333333333333,2.4027898866608544,2.896883852691218
stadium,1.0704225352112675,0.611764705882353,2.527,2.879385329080893
