,home,downtown,nature,nearby city
home,,,1.5044378698224852,0.9008547008547009
local icon,0.7018469656992085,0.7018469656992085,0.5108556832694764,1.7962747380675204
grocery,0.15878378378378377,0.15878378378378377,1.930232558139535,1.4408396946564885
hospital,1.580392156862745,1.580392156862745,2.9400278940027893,3.8349056603773586
stadium,0.8009478672985783,0.8009478672985783,1.1426229508196721,2.068119891008174
