,home,downtown,nature,nearby city
home,,0.6578947368421053,2.4211438474870017,4.1512842224103865
local icon,1.1786542923433874,0.4192200557103064,2.1116584564860426,4.0954182429592265
grocery,0.5508021390374331,0.6429780033840947,2.8419689119170983,4.087369155617585
hospital,2.0061349693251533,0.7140115163147792,2.124125874125874,4.141742338251986
stadium,3.3519061583577714,0.23829787234042554,2.0925221799746514,4.153609154929577
