,home,downtown,nature,nearby city
home,,0.15328467153284672,1.3296296296296297,4.054858934169279
local icon,0.7954545454545454,-0.16740088105726872,0.9900497512437811,4.006565656565656
grocery,1.1111111111111112,0.7863777089783281,1.0864197530864197,3.8230337078651684
hospital,1.360655737704918,0.10294117647058823,1.0233644859813085,3.9412955465587043
stadium,0.13533834586466165,-0.20588235294117646,0.7528409090909091,3.79833984375
