,home,downtown,nature,nearby city
home,,1.0053380782918149,2.351053159478435,4.282842582106455
local icon,1.570383912248629,0.8181818181818182,2.5256525652565256,4.418467002071619
grocery,2.080691642651297,2.069252077562327,3.0454545454545454,4.000281135788586
hospital,1.3112903225806452,0.920863309352518,2.4688832054560956,4.514539332721151
stadium,1.5456204379562044,0.7611940298507462,2.6654545454545455,4.502886660589486
