,home,downtown,nature,nearby city
home,,0.9316770186335404,2.8513442277279917,4.238738738738738
local icon,1.1395775941230486,0.9340659340659341,2.5794532251174713,4.377330716388617
grocery,1.6888297872340425,1.2561174551386622,2.6656093047845624,4.054729011689692
hospital,0.7403598971722365,0.08714596949891068,2.6878084896347483,3.523116883116883
stadium,0.40545144804088584,0.07661822985468957,2.292477769766883,3.789473684210526
