,home,downtown,nature,nearby city
home,,0.6446280991735537,2.8250204415372036,4.595352915387988
local icon,1.0442477876106195,0.20430107526881722,2.6315789473684212,4.489885664028145
grocery,0.21428571428571427,0.40037593984962405,2.5373900293255134,4.31420313790256
hospital,0.7583547557840618,0.49517684887459806,2.44495765973826,4.40587977182975
stadium,0.7433962264150943,0.7552742616033755,2.7634936211972523,4.372576177285318
