,home,downtown,nature,nearby city
home,,0.4625322997416021,1.5949119373776908,4.768298594280174
local icon,-0.01893939393939394,0.049019607843137254,1.8559670781893005,4.9582059123343525
grocery,0.7199367088607594,1.0595238095238095,2.608066184074457,4.362258953168044
hospital,0.4258064516129032,1.0,2.3013530135301354,4.470434327577185
stadium,0.3098958333333333,1.017667844522968,2.5512010113780024,4.401257202723939
