,home,downtown,nature,nearby city
home,,0.022727272727272728,2.3045226130653265,4.563055555555556
local icon,0.5765765765765766,-0.9007633587786259,2.391946992864424,4.317226890756302
grocery,0.9474671669793621,0.6357308584686775,2.4311750599520385,4.5792038992688875
hospital,0.7078039927404719,0.5473071324599709,2.0965169953839697,4.6082390953150245
stadium,1.0916179337231968,1.0593047034764826,2.9377483443708607,4.786450662739322
