,home,downtown,nature,nearby city
home,,-0.0625,0.8151815181518152,2.249286393910561
local icon,-0.37142857142857144,-0.15401785714285715,0.65234375,1.7112417340191035
grocery,2.4939759036144578,1.4754098360655739,0.9751908396946565,2.857948139797069
hospital,0.5798611111111112,0.7400611620795107,1.5594795539033457,2.672762271414822
stadium,0.4731182795698925,0.8853046594982079,1.1309255079006773,2.2992261392949267
