,home,downtown,nature,nearby city
home,,1.114010989010989,0.39520958083832336,3.462121212121212
local icon,1.186021505376344,0.2391304347826087,1.5232660228270412,3.9819168173598554
grocery,0.05263157894736842,1.1176470588235294,0.5197368421052632,3.371488764044944
hospital,0.6306913996627319,0.22112211221122113,1.0368763557483731,3.7387553912507703
stadium,1.0307692307692307,0.3590733590733591,1.0903814262023217,3.8614690721649483
