,home,downtown,nature,nearby city
home,,0.1912568306010929,0.7523629489603024,3.135321100917431
local icon,0.4859437751004016,0.2905405405405405,0.621160409556314,3.3656156156156154
grocery,0.5843373493975904,0.7515527950310559,1.0210896309314588,2.9507286606523246
hospital,0.4610951008645533,0.43407407407407406,1.5584677419354838,3.115461181154612
stadium,0.4362934362934363,0.15732758620689655,0.1529745042492918,3.23991195891416
