,home,downtown,nature,nearby city
home,,1.1307277628032344,0.8678500986193294,2.3295687885010268
local icon,1.4346456692913385,0.7359855334538878,0.7420289855072464,2.131407269338304
grocery,2.0,1.1544715447154472,0.872173058013766,2.341589267285862
hospital,1.3465909090909092,0.4607329842931937,0.9079878665318504,2.68218085106383
stadium,3.0652777777777778,3.272169167803547,3.192758253461129,2.0573248407643314
