,home,downtown,nature,nearby city
home,,0.948220064724919,0.6614035087719298,1.6969242310577644
local icon,0.7272727272727273,0.765017667844523,0.7034220532319392,1.6768149882903982
grocery,0.43010752688172044,0.7597765363128491,0.43317972350230416,1.7688766114180479
hospital,1.496124031007752,1.826266804550155,1.5580736543909348,0.5217391304347826
stadium,0.7174231332357247,1.123076923076923,1.0016920473773265,2.0289156626506024
