,home,downtown,nature,nearby city
home,,0.17307692307692307,2.197776012708499,3.870421668205602
local icon,0.7024793388429752,0.4700854700854701,2.2473444613050075,4.074050430896904
grocery,-0.017142857142857144,0.10222222222222223,2.38258785942492,3.6763657957244655
hospital,0.5054704595185996,0.5069033530571992,2.170643528561099,3.510393258426966
stadium,0.5390334572490706,0.6044362292051756,1.9300657501494323,3.7295731707317072
