,home,downtown,nature,nearby city
home,,0.6115288220551378,1.6645865834633384,3.037037037037037
local icon,1.705240174672489,1.5229357798165137,2.9177489177489178,3.2628398791540785
grocery,1.2727272727272727,1.6762589928057554,2.0514372163388805,3.354292623941959
hospital,1.5770020533880904,0.7004048582995951,2.037444933920705,2.998480243161094
stadium,1.6150627615062763,0.7364016736401674,2.0807174887892375,3.047765793528505
