,home,downtown,nature,nearby city
home,,0.8065395095367848,1.1329113924050633,1.1355463347164592
local icon,1.511777301927195,1.036723163841808,0.7282608695652174,1.1485148514851484
grocery,0.3652173913043478,0.7072072072072072,1.2852233676975946,1.167621776504298
hospital,0.5052356020942408,0.8104089219330854,0.8517441860465116,1.0688259109311742
stadium,1.511777301927195,1.036723163841808,0.7282608695652174,1.1485148514851484
