,home,downtown,nature,nearby city
home,,1.3565989847715736,0.8754789272030651,2.831702544031311
local icon,1.6,-0.24736842105263157,0.6916666666666667,2.7864978902953585
grocery,1.4739130434782608,0.9239373601789709,0.8354679802955665,2.590879048248513
hospital,1.7935222672064777,0.32087227414330216,0.8606403013182674,2.6563706563706564
stadium,1.1466836734693877,0.4200913242009132,0.6649746192893401,2.6970989761092152
