,home,downtown,nature,nearby city
home,,0.07903780068728522,0.35700934579439253,0.6758620689655173
local icon,0.7276119402985075,1.1025641025641026,0.3382352941176471,1.506276150627615
grocery,0.5473372781065089,0.384180790960452,-0.038135593220338986,1.0636704119850187
hospital,0.8833034111310593,0.8986175115207373,0.6040723981900452,1.0953237410071943
stadium,0.603988603988604,0.8601895734597157,1.0648464163822526,1.1394557823129252
