,home,downtown,nature,nearby city
home,,0.4987405541561713,2.1481481481481484,2.1601307189542482
local icon,-0.45478036175710596,0.9622166246851386,2.504938271604938,2.3857589984350547
grocery,0.4794520547945205,1.9056603773584906,2.418103448275862,2.100240577385726
hospital,1.3603793466807166,1.6732101616628174,1.970266040688576,2.057813911472448
stadium,-0.6,0.6,2.1965909090909093,2.1899109792284865
