,home,downtown,nature,nearby city
home,,0.7993138936535163,4.83033033033033,3.721019499462613
local icon,0.9882352941176471,0.29896907216494845,4.084539664157498,4.020574787720444
grocery,1.468265162200282,0.6827133479212254,4.2992220227408735,3.9890675241157556
hospital,1.4046153846153846,0.638755980861244,4.376550868486352,3.870825456836799
stadium,1.0502008032128514,0.5034802784222738,3.669218989280245,4.19177368969108
