,home,downtown,nature,nearby city
home,,-0.14814814814814814,2.6915728420334357,4.472137791286728
local icon,0.03414634146341464,0.02926829268292683,2.5167357347784507,4.421705034151278
grocery,0.11764705882352941,0.125,2.6758223126483554,4.485387547649301
hospital,0.6615384615384615,0.6307692307692307,2.6459793126459794,4.511340206185567
stadium,-0.03787878787878788,0.5725190839694656,2.592036553524804,4.355769230769231
