,home,downtown,nature,nearby city
home,,0.46473029045643155,1.6556016597510372,3.3131589222959783
local icon,0.4875,-0.11428571428571428,1.8639667705088265,3.3528607693809804
grocery,0.47761194029850745,0.5737265415549598,1.5941176470588236,3.332682164485251
hospital,1.3626373626373627,1.5617977528089888,2.7512776831345827,3.651379712397979
stadium,0.9052823315118397,0.3506787330316742,1.5933579335793358,3.303024645257655
