,home,downtown,nature,nearby city
home,,0.4117647058823529,2.1950549450549453,1.834159779614325
local icon,1.5611045828437133,1.4619917501473187,1.8969957081545064,2.1268698060941826
grocery,0.636986301369863,0.3473684210526316,2.4887387387387387,1.9928952042628774
hospital,0.9423631123919308,0.5714285714285714,2.5192943770672547,2.1116341627437794
stadium,0.2462406015037594,0.15137614678899083,2.2721451440768408,1.8778772378516624
