,home,downtown,nature,nearby city
home,,3.144050104384134,1.8933823529411764,7.921482845959014
local icon,1.3326612903225807,2.1255506607929515,,7.296249738110204
grocery,1.9552941176470588,0.5616942909760589,1.9820992676973148,7.443692168810652
hospital,3.2302631578947367,0.008928571428571428,2.4824858757062147,8.0007215007215
stadium,4.073654390934844,0.5987654320987654,2.759897828863346,8.079495879786718
