,home,downtown,nature,nearby city
home,,0.6162790697674418,1.6765432098765432,4.1065118626956085
local icon,0.2903225806451613,0.5607476635514018,1.3164179104477611,4.253754531330917
grocery,1.4885057471264367,1.2832929782082325,2.0239520958083834,3.9379347244515785
hospital,1.75,1.4475308641975309,1.1563636363636363,4.138662316476346
stadium,1.5637149028077755,1.9154929577464788,0.5420560747663551,4.124511446119486
