,home,downtown,nature,nearby city
home,,1.0166666666666666,0.8354661791590493,3.6309883470004314
local icon,1.8135593220338984,1.1218697829716193,1.5886442641946699,3.541969917515769
grocery,0.2391304347826087,0.8444444444444444,0.764344262295082,3.6333333333333333
hospital,3.142857142857143,2.908450704225352,1.588336192109777,3.8429272646140116
stadium,1.779050736497545,1.1112903225806452,1.5701357466063348,3.478386167146974
