,home,downtown,nature,nearby city
home,,0.4583333333333333,0.44516129032258067,0.806910569105691
local icon,0.46272493573264784,-0.28846153846153844,0.762532981530343,1.2323809523809524
grocery,-0.09090909090909091,0.32390745501285345,0.5747126436781609,0.960880195599022
hospital,0.25283630470016205,0.08214285714285714,0.400329489291598,0.7689243027888446
stadium,0.6203904555314533,0.03398058252427184,0.8466666666666667,1.2399328859060403
