,home,downtown,nature,nearby city
home,,0.2347417840375587,2.386648745519713,4.043168482816429
local icon,1.0738738738738738,0.7228915662650602,2.4503784693019344,4.024806832045547
grocery,0.5807860262008734,0.12030075187969924,2.393497290537724,3.9904839036242152
hospital,1.0133333333333334,0.6338672768878718,2.561324977618621,4.124214495182237
stadium,1.1352253756260433,0.5901408450704225,2.508992053534086,4.0490772662745895
