,home,downtown,nature,nearby city
home,,0.09569377990430622,0.30619266055045874,1.853099730458221
local icon,1.1513157894736843,-0.2585034013605442,0.28080985915492956,1.9142033165104542
grocery,0.49873417721518987,0.23859649122807017,0.2018954623779437,2.148329258353708
hospital,0.2687140115163148,0.0267639902676399,0.253168202764977,2.1305361305361306
stadium,1.0365591397849463,1.11875,0.19459791282995703,1.4546607482561826
