,home,downtown,nature,nearby city
home,,0.2962962962962963,0.38535414165666265,4.066250600096016
local icon,0.35106382978723405,,0.3274932614555256,4.3377082281675925
grocery,0.8333333333333334,0.9893617021276596,0.5714285714285714,4.041284403669724
hospital,0.6963696369636964,1.6570247933884297,0.725531914893617,4.219151977131967
stadium,0.844059405940594,1.7055393586005831,0.8318924111431316,4.106315311222172
