,home,downtown,nature,nearby city
home,,0.08955223880597014,2.542372881355932,4.718712029161604
local icon,2.1669658886894076,2.1001926782273603,2.7192704203013482,5.0546369518332135
grocery,1.8576051779935274,1.4186704384724187,3.0729166666666665,3.7642857142857142
hospital,0.34545454545454546,-0.04081632653061224,2.386934673366834,4.399884593190999
stadium,0.365625,-0.10638297872340426,2.1636876763875823,4.441969519343494
