,home,downtown,nature,nearby city
home,,0.9419398907103825,1.8813953488372093,1.9853095487932844
local icon,0.8788927335640139,0.8978240302743614,1.3948497854077253,1.9019189765458422
grocery,0.057971014492753624,0.9821059876118375,1.9030492572322126,2.1436651583710407
hospital,0.9529983792544571,0.5225,2.926614481409002,2.164648910411622
stadium,1.124082721814543,-0.002403846153846154,2.3078137332280977,2.273173391494002
