,home,downtown,nature,nearby city
home,,-0.3157894736842105,2.5670391061452515,3.2525252525252526
local icon,-0.5555555555555556,-0.5084745762711864,2.5335195530726256,3.2468434343434343
grocery,0.5863095238095238,0.582089552238806,2.37,3.1587485515643103
hospital,1.9085106382978723,1.7142857142857142,2.2803129074315516,3.0921382073109664
stadium,0.40444444444444444,0.39111111111111113,2.764102564102564,3.307549504950495
