,home,downtown,nature,nearby city
home,,0.8183962264150944,2.1824849007765317,2.5723684210526314
local icon,0.13882863340563992,0.18484848484848485,2.5276653171390016,2.6209223847019123
grocery,0.17777777777777778,0.7782426778242678,2.123102866779089,2.45
hospital,2.126984126984127,1.5558823529411765,2.541424093148231,2.8783542039355994
stadium,0.4051355206847361,0.4643734643734644,2.961354961832061,2.4633534136546187
