,home,downtown,nature,nearby city
home,,,0.4171993027309704,4.159130297778478
local icon,,,0.4171993027309704,4.159130297778478
grocery,0.03424657534246575,0.03424657534246575,0.42004143906573743,4.133072713057076
hospital,0.5217391304347826,0.5217391304347826,0.4008097165991903,4.050229709035222
stadium,0.07177033492822966,0.07177033492822966,0.39947877885331345,4.0603169718418215
