,home,downtown,nature,nearby city
home,,0.7450271247739603,0.7595238095238095,2.3608938547486034
local icon,1.1744471744471745,0.28448275862068967,0.5820224719101124,3.2193763919821827
grocery,0.5102040816326531,0.8484848484848485,0.7657657657657657,2.2646720368239355
hospital,0.12859884836852206,0.24785276073619633,-0.4421768707482993,2.2666666666666666
stadium,0.6184834123222749,0.15705128205128205,0.5,2.6149193548387095
