,home,downtown,nature,nearby city
home,,0.09316770186335403,1.750394944707741,5.241077019411397
local icon,0.5475206611570248,0.2670807453416149,1.2876712328767124,4.164711632453568
grocery,1.241025641025641,0.5630252100840336,1.799163179916318,4.929857231533209
hospital,1.5070422535211268,1.1416490486257929,1.3345029239766082,4.830468286899822
stadium,1.2882096069868996,1.0985663082437276,1.5575679172056922,4.784467188440698
