,home,downtown,nature,nearby city
home,,-0.350253807106599,5.11051930758988,3.3668497731072367
local icon,-0.6225490196078431,-0.6528497409326425,5.113560454241817,3.17235883424408
grocery,0.5490196078431373,-0.013927576601671309,4.714972940469032,3.308745070749246
hospital,0.6059907834101382,0.501002004008016,4.42838370565046,3.0025183150183152
stadium,0.13125,-0.2792207792207792,4.772952853598015,3.236660533578657
