,home,downtown,nature,nearby city
home,,,1.2300405953991882,2.4117147707979627
local icon,-0.1568627450980392,-0.1568627450980392,1.085978835978836,2.2894078398665556
grocery,0.6206896551724138,0.6206896551724138,1.0189035916824196,1.7740793201133145
hospital,0.746177370030581,0.746177370030581,1.1025641025641026,1.8155767817781043
stadium,0.8325,0.8325,1.1204819277108433,1.7507936507936508
