,home,downtown,nature,nearby city
home,,0.6299694189602446,1.1539763113367174,2.056179775280899
local icon,0.33695652173913043,,1.155893536121673,1.1973333333333334
grocery,0.4396135265700483,0.9220338983050848,1.7533039647577093,1.9355400696864111
hospital,1.0572390572390573,0.7915309446254072,1.3304721030042919,1.4765625
stadium,0.685131195335277,0.7529411764705882,1.4597701149425288,1.159375
