,home,downtown,nature,nearby city
home,,0.171990171990172,1.6818565400843881,2.4394736842105265
local icon,2.5234001910219677,1.6481481481481481,3.41968253968254,2.73387644263408
grocery,0.597864768683274,0.3311827956989247,1.8379237288135593,2.238881829733164
hospital,0.7555555555555555,0.5462555066079295,1.543736878936319,2.6468330134357005
stadium,0.09836065573770492,0.24700239808153476,1.7089494163424124,2.4419672131147543
