,home,downtown,nature,nearby city
home,,0.9090909090909091,1.2119815668202765,4.263580890013395
local icon,0.328125,0.3843137254901961,0.6074313408723748,4.225647164447104
grocery,1.0842332613390928,1.8757281553398057,2.028530670470756,4.30289598108747
hospital,0.5474137931034483,0.675990675990676,1.2070895522388059,4.2722584559381165
stadium,0.5285359801488834,0.5490196078431373,1.0570902394106814,4.281515151515151
