,home,downtown,nature,nearby city
home,,0.2153846153846154,1.974625144175317,1.2263681592039801
local icon,0.3757396449704142,-0.5526315789473685,1.9106628242074928,1.4147424511545292
grocery,-0.4090909090909091,0.27461139896373055,2.0255516840882692,1.272422464375524
hospital,0.8247767857142857,0.5143953934740882,1.9619450317124736,1.3935340022296545
stadium,0.6057818659658344,0.45077720207253885,3.820809248554913,1.3010752688172043
