,home,downtown,nature,nearby city
home,,-0.4853801169590643,1.0056497175141244,5.81807180314643
local icon,-0.29411764705882354,0.375,0.980327868852459,5.909090909090909
grocery,-0.19047619047619047,-0.19895287958115182,1.0,5.908754623921085
hospital,0.4791666666666667,0.30246913580246915,1.1091370558375635,5.758237395791981
stadium,-0.05357142857142857,-0.05223880597014925,1.298932384341637,5.99833748960931
