,home,downtown,nature,nearby city
home,,0.8711111111111111,0.8004338394793926,2.5360046457607432
local icon,0.8055555555555556,0.9837209302325581,0.795774647887324,2.9145480225988702
grocery,0.6114864864864865,1.0340909090909092,0.9563636363636364,2.605159842961301
hospital,0.40641711229946526,0.7478510028653295,0.4947089947089947,2.605006105006105
stadium,0.7053291536050157,1.0086021505376344,0.6149068322981367,2.6283824413710164
