,home,downtown,nature,nearby city
home,,1.1923454367026496,1.1238670694864048,2.145935960591133
local icon,1.71924882629108,4.167785234899329,1.860919540229885,2.479396984924623
grocery,0.5838323353293413,1.077028885832187,0.9320866141732284,2.1595990747879723
hospital,1.35,0.5789473684210527,1.5608856088560885,2.809470124013529
stadium,1.3290766208251474,0.10491803278688525,1.7112010796221322,3.0552147239263805
