,home,downtown,nature,nearby city
home,,0.11263736263736264,1.489057239057239,4.316946959896507
local icon,0.268370607028754,-0.24489795918367346,1.8572949946751864,5.083269082498073
grocery,0.39664804469273746,0.43869209809264303,1.2727272727272727,4.191687344913151
hospital,0.2222222222222222,0.3246492985971944,1.1500364166059722,3.899421965317919
stadium,0.8309037900874635,0.32217573221757323,1.9165818921668363,4.997017151379567
