,home,downtown,nature,nearby city
home,,1.0500863557858378,2.508869179600887,2.317018909899889
local icon,2.0188383045525904,0.9956896551724138,1.8284313725490196,2.5445945945945945
grocery,1.0784313725490196,1.3674321503131524,2.646713615023474,2.609248554913295
hospital,1.0467836257309941,0.7538994800693241,2.3097447795823665,2.0643513789581207
stadium,1.5688524590163935,-0.1,1.9506037321624587,1.2236503856041132
