,home,downtown,nature,nearby city
home,,1.6266094420600858,2.1797101449275362,4.1915760869565215
local icon,1.7013157894736841,0.21929824561403508,1.9577702702702702,4.445354072861236
grocery,1.4647887323943662,2.1351819757365686,1.586046511627907,4.404677533664068
hospital,2.044699872286079,0.6445497630331753,1.880916030534351,4.353346855983773
stadium,1.819484240687679,0.4578313253012048,2.1011804384485666,4.394947874899759
