,home,downtown,nature,nearby city
home,,1.3948453608247422,2.335674157303371,1.2882991556091676
local icon,1.8792134831460674,2.065096952908587,,1.6626666666666667
grocery,0.4732142857142857,1.4825253664036078,2.6105563480741796,1.3077830188679245
hospital,1.4327309236947792,0.6790830945558739,1.9046717171717171,1.9303482587064678
stadium,1.6756152125279642,0.2535211267605634,2.3477011494252875,1.8877937831690674
