,home,downtown,nature,nearby city
home,,0.23076923076923078,0.140597539543058,5.1865776528461
local icon,0.28888888888888886,0.4164989939637827,0.17236467236467237,4.96
grocery,0.773972602739726,0.27505827505827507,0.3864353312302839,5.108619481429573
hospital,0.6222222222222222,0.4264705882352941,0.22022838499184338,5.109878682842288
stadium,0.3790849673202614,0.4774590163934426,0.2106782106782107,4.98361751922434
