,home,downtown,nature,nearby city
home,,0.408,2.7301587301587302,0.8164179104477612
local icon,0.8348170128585559,0.7276507276507277,0.839851024208566,0.6104417670682731
grocery,1.1366120218579234,1.3760217983651226,0.7493403693931399,1.3199498117942283
hospital,0.6242299794661191,0.40186915887850466,0.5436363636363636,1.2423664122137406
stadium,0.390745501285347,-0.09865470852017937,0.3274336283185841,0.905940594059406
