,home,downtown,nature,nearby city
home,,-0.08991825613079019,0.5617977528089888,0.6206896551724138
local icon,0.18949771689497716,-0.5905172413793104,0.4413265306122449,1.0525606469002695
grocery,0.7306122448979592,0.322884012539185,0.8625954198473282,1.4119947848761407
hospital,0.4355179704016913,0.2739420935412027,0.6379647749510763,1.0818030050083471
stadium,0.4673913043478261,-0.6170212765957447,0.9165302782324058,1.3766891891891893
