,home,downtown,nature,nearby city
home,,-0.11267605633802817,1.9085239085239085,3.9204004595437385
local icon,1.5146443514644352,1.034324942791762,,3.8224329627207325
grocery,0.5925925925925926,0.1658291457286432,1.8054474708171206,3.9242250287026406
hospital,1.102661596958175,0.9647058823529412,2.0806142034548945,3.966062602965404
stadium,0.4660633484162896,-0.05982905982905983,2.170673076923077,3.854574898785425
