,home,downtown,nature,nearby city
home,,1.3344827586206895,2.4955489614243325,5.7388183324130315
local icon,3.3314861460957177,3.8484848484848486,3.555397727272727,4.994631251766036
grocery,1.9126637554585153,1.1166666666666667,3.2119205298013247,6.121936274509804
hospital,0.5247349823321554,1.5623003194888179,2.2515337423312882,5.478601252609604
stadium,1.3063063063063063,0.09342560553633218,4.178947368421053,6.12751256281407
