,home,downtown,nature,nearby city
home,,3.6721311475409837,2.8852459016393444,7.506463195691203
local icon,1.9013157894736843,-0.2900763358778626,2.2562747688243063,7.315582558970694
grocery,2.8294573643410854,0.07352941176470588,2.430517711171662,7.367665530235062
hospital,1.7011494252873562,0.9407665505226481,2.372013651877133,6.966332872928176
stadium,2.4873417721518987,0.6391752577319587,2.374836173001311,7.297750803284541
