,home,downtown,nature,nearby city
home,,0.35507246376811596,1.1036269430051813,1.1591203104786545
local icon,0.3137755102040816,-0.3076923076923077,1.599056603773585,1.3786008230452675
grocery,-0.08333333333333333,0.35308056872037913,1.094871794871795,1.2063074901445467
hospital,0.8862275449101796,0.4940828402366864,1.208271787296898,1.265905383360522
stadium,0.5533980582524272,0.0,1.3745173745173744,1.39647577092511
