,home,downtown,nature,nearby city
home,,0.9041095890410958,2.8629283489096573,4.460739309011839
local icon,0.052884615384615384,0.005988023952095809,2.747568710359408,4.3270515267175576
grocery,0.08363636363636363,0.07894736842105263,2.7084197428452925,4.45039100684262
hospital,0.44881889763779526,0.5794392523364486,2.9794367456414843,4.485768954795503
stadium,0.41414141414141414,0.0,2.858652575957728,4.428640541848089
