,home,downtown,nature,nearby city
home,,-0.5,0.6401515151515151,4.565526315789474
local icon,-0.5294117647058824,,0.717741935483871,4.586945031712474
grocery,0.7689655172413793,0.8020833333333334,0.9957537154989384,4.568783749035742
hospital,0.3137254901960784,0.3739495798319328,0.953125,4.744281045751634
stadium,0.17037037037037037,0.26877470355731226,0.6118721461187214,4.544067350697185
