,home,downtown,nature,nearby city
home,,0.8680142687277052,0.07093184979137691,2.169761273209549
local icon,0.840537944284342,-0.031609195402298854,0.22985781990521326,1.867952522255193
grocery,-0.576036866359447,0.8005050505050505,-0.020833333333333332,2.2310374891020053
hospital,0.5950413223140496,0.4234527687296417,0.21997471554993678,1.6410411622276029
stadium,1.310010764262648,0.45012787723785164,0.3782608695652174,1.991150442477876
