,home,downtown,nature,nearby city
home,,0.07834101382488479,0.8185255198487713,6.073970037453184
local icon,-0.7516778523489933,0.05917159763313609,0.9068825910931174,5.957328385899815
grocery,0.8340425531914893,1.130977130977131,1.393574297188755,5.2988679245283015
hospital,1.0786948176583493,1.3421052631578947,1.5175438596491229,5.226017441860465
stadium,0.4819532908704883,0.5729442970822282,-0.02,5.3694915254237285
