,home,downtown,nature,nearby city
home,,-0.01507537688442211,1.4025641025641025,1.9775678866587958
local icon,,-0.01507537688442211,1.4025641025641025,1.9775678866587958
grocery,1.361216730038023,-0.17316017316017315,1.707070707070707,2.2835443037974685
hospital,1.1295336787564767,-0.08189655172413793,1.8685800604229608,2.2825788751714677
stadium,0.8519362186788155,0.25951557093425603,1.389751552795031,1.9131334022750777
