,home,downtown,nature,nearby city
home,,0.6320987654320988,0.5694915254237288,3.4107452339688042
local icon,0.03231017770597738,0.15517241379310345,0.21571238348868177,3.1151162790697673
grocery,0.8920308483290489,0.30833333333333335,0.7447183098591549,3.7889546351084813
hospital,0.7475728155339806,0.47155688622754494,0.5955056179775281,3.7588039867109635
stadium,0.8483412322274881,0.2535211267605634,0.6376582278481012,3.694750486066105
