,home,downtown,nature,nearby city
home,,0.22348484848484848,1.590730214254482,1.5824825362708221
local icon,1.1083676268861453,1.1306122448979592,1.9551152446421352,1.4352941176470588
grocery,0.936,0.6155988857938719,1.6630993150684932,1.7157833430401863
hospital,0.4434250764525994,0.5844155844155844,1.7048022598870056,1.536847242557345
stadium,0.37822349570200575,0.6943521594684385,1.7935656836461127,1.7273877292852624
