,home,downtown,nature,nearby city
home,,0.8678304239401496,0.7272727272727273,3.3847505270555165
local icon,1.0875912408759123,0.8952380952380953,,3.495124593716143
grocery,0.7585714285714286,1.0983086680761098,0.8807339449541285,3.0673076923076925
hospital,0.8836206896551724,0.821522309711286,0.9828897338403042,2.974417098445596
stadium,0.9495798319327731,1.0740740740740742,0.9761904761904762,3.490566037735849
