,home,downtown,nature,nearby city
home,,0.64,1.5806451612903225,2.730603448275862
local icon,2.9327146171693736,0.25190839694656486,1.7040194884287454,4.082337317397078
grocery,0.21621621621621623,0.8413098236775819,1.7192460317460319,3.684824902723735
hospital,1.2177985948477752,0.8964803312629399,1.735159817351598,3.7507645259938838
stadium,1.9634920634920634,0.34210526315789475,1.299287410926366,3.340958605664488
