,home,downtown,nature,nearby city
home,,1.294871794871795,3.864705882352941,3.069095477386935
local icon,1.2857142857142858,0.6354166666666666,5.272836538461538,1.7824074074074074
grocery,1.0518207282913166,-0.24285714285714285,5.0218181818181815,1.951219512195122
hospital,0.9033232628398792,0.3628691983122363,4.5687693898655635,1.7629032258064516
stadium,1.0242510699001426,0.20224719101123595,4.353178607467205,1.8288461538461538
