,home,downtown,nature,nearby city
home,,0.8496551724137931,0.6043956043956044,0.7845373891001267
local icon,0.9773706896551724,0.02524271844660194,1.9170673076923077,2.0421155729676785
grocery,0.5346938775510204,1.5040518638573743,1.0509803921568628,0.946515397082658
hospital,0.10778443113772455,1.4773869346733668,0.3568627450980392,1.2389127324749643
stadium,1.3198263386396527,0.8214285714285714,2.791596638655462,2.74234693877551
