,home,downtown,nature,nearby city
home,,0.26440677966101694,2.4029850746268657,2.388888888888889
local icon,-0.04669260700389105,-0.08303886925795052,1.9294234592445327,1.9774489076814659
grocery,0.5133333333333333,0.2804232804232804,2.2511111111111113,2.1695052716950527
hospital,0.16210045662100456,-0.0471311475409836,2.1141011840688915,2.108047690014903
stadium,-0.04669260700389105,-0.08303886925795052,1.9294234592445327,1.9774489076814659
