,home,downtown,nature,nearby city
home,,1.0263157894736843,0.910547396528705,1.2553528945281522
local icon,2.0893536121673004,2.394422310756972,1.429951690821256,2.59244126659857
grocery,1.6666666666666667,1.0729483282674772,0.9279891304347826,1.3373397435897436
hospital,0.15862068965517243,-0.056,0.7108559498956158,1.597938144329897
stadium,1.4423897581792318,1.5095367847411445,1.156469408224674,2.119098712446352
