,home,downtown,nature,nearby city
home,,0.28,3.2394678492239466,3.330390920554855
local icon,3.056403731976251,3.215351812366738,,3.030445813700616
grocery,1.7431192660550459,0.9699570815450643,3.1079660331581076,2.115727002967359
hospital,-0.921161825726141,0.43037974683544306,3.256021409455843,3.4269230769230767
stadium,1.2176100628930817,0.9568434032059187,2.712786885245902,2.388333333333333
