,home,downtown,nature,nearby city
home,,0.42034548944337813,1.33733681462141,1.4920544835414302
local icon,1.28076525336091,1.212934447866256,0.39959016393442626,1.9191797346200241
grocery,0.44285714285714284,0.814748201438849,1.2891501870657402,1.5170731707317073
hospital,0.5100671140939598,0.6027397260273972,1.353757225433526,1.6623122142390594
stadium,-0.302158273381295,0.527001862197393,1.3461744248261103,1.4608695652173913
