,home,downtown,nature,nearby city
home,,1.0302491103202847,2.4878836833602587,4.398799313893654
local icon,0.86,1.488929889298893,4.333827893175074,3.479768786127168
grocery,0.030612244897959183,1.0083194675540765,2.2279411764705883,4.311881188118812
hospital,1.56640625,2.1865079365079363,5.135283363802559,2.7333333333333334
stadium,1.0152380952380953,0.20238095238095238,4.2445759368836296,3.864069264069264
