,home,downtown,nature,nearby city
home,,0.2967741935483871,0.8825448613376835,2.287313432835821
local icon,1.3925353925353925,1.484375,1.4724919093851132,2.3840852130325816
grocery,0.6859205776173285,0.2895927601809955,0.7593457943925234,2.056282722513089
hospital,0.8350785340314136,1.2,1.2657004830917875,2.206737120211361
stadium,0.7583497053045186,0.4308510638297872,0.8938992042440318,2.0852764823451033
