,home,downtown,nature,nearby city
home,,0.8117408906882592,1.465675057208238,4.471779141104294
local icon,0.9831932773109243,0.3786407766990291,1.3973288814691152,4.334372078529137
grocery,0.35947712418300654,0.9238095238095239,1.4689737470167064,4.573312401883831
hospital,0.076,1.9473684210526316,2.133977900552486,4.8
stadium,1.2648514851485149,0.5611111111111111,1.2403697996918337,4.373471307619943
