,home,downtown,nature,nearby city
home,,0.29131175468483816,-0.05378973105134474,2.2105654761904763
local icon,0.9074733096085409,0.657967032967033,0.1827768014059754,1.977907732293697
grocery,1.8466898954703832,1.3587521663778164,0.5817757009345794,2.838224228743416
hospital,0.9809523809523809,0.408955223880597,0.7096774193548387,2.7343852728468114
stadium,0.9730639730639731,0.3649025069637883,0.7772657450076805,3.0785545954438334
