,home,downtown,nature,nearby city
home,,0.3650107991360691,0.6259842519685039,2.271629778672032
local icon,0.9261992619926199,0.5807692307692308,1.1235697940503433,2.6671476671476673
grocery,0.4618055555555556,0.21940928270042195,0.8350515463917526,2.336658354114713
hospital,0.6997742663656885,0.2925311203319502,0.5776173285198556,2.487266553480475
stadium,0.4070631970260223,-0.14383561643835616,0.8148148148148148,2.542790697674419
