,home,downtown,nature,nearby city
home,,1.3411513859275053,2.9874591057797164,6.16096256684492
local icon,1.9663299663299663,3.016042780748663,3.1345707656612527,6.2092092092092095
grocery,1.2649253731343284,1.6608040201005025,3.3299093655589123,6.357615894039735
hospital,1.7994186046511629,1.6801801801801801,3.1380331753554502,6.953516090584029
stadium,1.7142857142857142,0.896774193548387,3.5690680766688696,4.866624525916562
