,home,downtown,nature,nearby city
home,,1.8085106382978724,4.76445023902651,5.721816358687867
local icon,4.427285006753714,4.4113122171945705,,4.0206714761376245
grocery,1.7150537634408602,1.6319444444444444,4.610869565217391,5.67134670487106
hospital,1.2100840336134453,1.1388888888888888,4.714717306862322,5.703158496498499
stadium,2.184049079754601,2.2479338842975207,4.653052261747914,5.6886589047003016
