,home,downtown,nature,nearby city
home,,1.1538461538461537,1.271604938271605,3.184971098265896
local icon,1.3292181069958848,1.5543478260869565,1.6945812807881773,3.3856968215158925
grocery,1.414012738853503,1.4306122448979592,1.5085470085470085,3.749515816655907
hospital,0.9519230769230769,1.117296222664016,0.954954954954955,3.145077720207254
stadium,1.7679814385150812,1.6777777777777778,2.34,3.5930379746835444
