,home,downtown,nature,nearby city
home,,1.8047337278106508,3.55968992248062,3.145928338762215
local icon,2.649295774647887,1.1949685534591195,4.743111831442463,2.7575962187711007
grocery,0.9615384615384616,1.7602996254681649,3.5073020753266717,3.095084087968952
hospital,1.4273504273504274,1.5530474040632054,4.134763948497854,3.2680851063829786
stadium,2.1733333333333333,1.721461187214612,4.882352941176471,3.669348939283102
