,home,downtown,nature,nearby city
home,,1.6557911908646004,1.8482428115015974,3.000888888888889
local icon,1.6874340021119325,1.4170212765957446,2.05736137667304,2.2658907788719787
grocery,1.8703403565640195,2.125741399762752,2.573529411764706,3.4514200298953663
hospital,1.7224199288256228,1.930817610062893,2.0760233918128654,3.288407163053723
stadium,2.284377923292797,1.843293492695883,2.4858420268256336,1.8733401430030643
