,home,downtown,nature,nearby city
home,,,2.9223057644110275,4.623943185661143
local icon,1.9506820566631689,1.9506820566631689,,4.299303944315545
grocery,1.7793296089385475,1.7793296089385475,2.9705882352941178,4.590617617279784
hospital,1.5732899022801303,1.5732899022801303,2.9585185185185185,4.618131868131868
stadium,1.2576271186440677,1.2576271186440677,2.5162271805273835,4.278614940686118
