,home,downtown,nature,nearby city
home,,2.563921568627451,2.778672032193159,2.9315718157181574
local icon,3.4398888116747743,2.2605304212168487,3.6151560178306092,3.3982737361282367
grocery,2.335,2.6209150326797386,2.9596412556053813,2.993684210526316
hospital,3.25,2.011178861788618,3.3825136612021858,2.6810886252616886
stadium,3.292116182572614,1.7109004739336493,3.491906474820144,2.584045584045584
