,home,downtown,nature,nearby city
home,,1.3240740740740742,1.9887640449438202,2.4705882352941178
local icon,1.5857519788918206,1.4236311239193085,1.7539432176656151,2.547642928786359
grocery,2.101449275362319,2.0587044534412957,2.0961538461538463,3.2173469387755103
hospital,1.1845637583892616,0.8815426997245179,3.7899159663865545,2.25234375
stadium,1.5857519788918206,1.4236311239193085,1.7539432176656151,2.547642928786359
