,home,downtown,nature,nearby city
home,,1.9744897959183674,2.170594837261504,5.13873473917869
local icon,1.7027624309392264,1.5442260442260443,1.008188331627431,4.133272892112421
grocery,1.3051948051948052,1.368421052631579,2.149667405764967,5.1271036315323295
hospital,2.1354466858789625,2.2583732057416266,1.278,4.801186291739895
stadium,1.303225806451613,1.1368421052631579,1.5487646293888166,4.99153486299844
