,home,downtown,nature,nearby city
home,,0.7588235294117647,3.36417157275021,3.9213217938631
local icon,1.1153846153846154,3.5384615384615383,3.170826833073323,3.7305900621118013
grocery,1.024793388429752,0.9128329297820823,3.6919291338582676,3.0015873015873016
hospital,0.6070038910505836,0.7182044887780549,3.798219584569733,4.175467099918765
stadium,0.8127853881278538,0.49673202614379086,3.086429112964367,3.715732087227414
