,home,downtown,nature,nearby city
home,,1.4718614718614718,1.8472527472527474,4.4626978146194425
local icon,1.546995377503852,0.8011363636363636,1.2465437788018434,4.697981906750174
grocery,3.452830188679245,2.5982142857142856,2.54632972322503,5.310965630114566
hospital,1.2681388012618298,1.018735362997658,1.3754556500607533,4.552973342447027
stadium,1.644646924829157,1.2096153846153845,1.6577726218097448,5.255520504731861
