,home,downtown,nature,nearby city
home,,2.309417040358744,2.7763975155279503,4.463423975488318
local icon,1.9374389051808407,0.8663366336633663,3.325301204819277,5.6431739773287335
grocery,0.8700361010830325,2.5380281690140847,2.932032724984267,4.709757101687938
hospital,2.285456187895212,1.962962962962963,3.0633879781420763,5.605077574047955
stadium,2.4106508875739645,2.04,3.264736297828335,5.6722523410547065
