,home,downtown,nature,nearby city
home,,0.6292372881355932,1.2148664343786295,2.5753862546616944
local icon,1.180473372781065,1.3657858136300418,1.5665158371040724,3.1429384965831435
grocery,1.0080428954423593,1.0126582278481013,1.3895966029723992,3.236190476190476
hospital,1.2313253012048193,1.1290849673202614,1.5880829015544042,2.3846153846153846
stadium,1.506578947368421,1.501577287066246,1.6161473087818696,2.685432385374347
