,home,downtown,nature,nearby city
home,,1.5874125874125875,2.2061281337047354,6.5471181556195965
local icon,1.5621890547263682,3.264705882352941,2.6200274348422496,6.533872598584429
grocery,1.4269005847953216,1.93446088794926,1.7054794520547945,6.449825540823447
hospital,1.3504273504273505,2.5721649484536084,2.029874213836478,6.505550811272417
stadium,1.46,2.430379746835443,2.061058344640434,6.524491549699227
