,home,downtown,nature,nearby city
home,,2.608695652173913,3.9299450549450547,8.298578199052132
local icon,1.9682539682539681,1.2,4.12929061784897,7.845911047345767
grocery,1.6153846153846154,2.8768115942028984,3.3928035982008997,8.071799307958477
hospital,1.9329896907216495,2.7104591836734695,2.445217391304348,7.538962731300495
stadium,1.4026666666666667,2.503787878787879,2.7515657620041756,8.035340684195646
