,home,downtown,nature,nearby city
home,,1.8642241379310345,2.49438202247191,6.033785654943229
local icon,0.65,1.8168103448275863,2.4696629213483146,6.032400996953752
grocery,1.8206039076376554,0.9574468085106383,2.0652173913043477,6.053869291769209
hospital,2.0,1.5846153846153845,2.4168618266978923,6.021739130434782
stadium,1.6382978723404256,1.1018181818181818,1.9038461538461537,6.047384278279924
