,home,downtown,nature,nearby city
home,,0.6504854368932039,3.7772967772967774,3.723870056497175
local icon,1.9187279151943464,2.011090573012939,3.594243268337976,3.459785522788204
grocery,1.047945205479452,0.9451219512195121,3.90381679389313,3.9071373752877974
hospital,1.9933554817275747,2.0831889081455808,3.627851711026616,3.5041608876560333
stadium,1.2217573221757323,1.1,4.1759545923632615,4.320532915360501
