,home,downtown,nature,nearby city
home,,1.679886685552408,1.6132075471698113,2.9759656652360515
local icon,1.429553264604811,1.3833333333333333,1.495798319327731,3.367943548387097
grocery,1.3818181818181818,1.6451612903225807,1.6081081081081081,3.4209636517328823
hospital,1.029739776951673,1.0123456790123457,1.0812356979405033,2.7529296875
stadium,1.751227495908347,1.3873417721518988,1.7548005908419497,2.9451476793248945
