,home,downtown,nature,nearby city
home,,1.7545454545454546,2.6990920881971467,3.306399482870071
local icon,2.63323782234957,2.3528138528138527,2.7252747252747254,3.1879625061667487
grocery,1.469090909090909,1.5929978118161925,2.4522613065326633,3.685956245589273
hospital,2.0695652173913044,2.0,2.6526315789473682,2.9634146341463414
stadium,1.696319018404908,1.066132264529058,1.6442141623488773,3.146503884572697
