,home,downtown,nature,nearby city
home,,1.305810397553517,1.145922746781116,5.542392959891691
local icon,0.9968253968253968,0.8269230769230769,0.8875255623721882,5.275390310638983
grocery,1.4339622641509433,0.9895833333333334,1.4881516587677726,5.452997161462681
hospital,1.5927750410509032,1.6296743063932448,1.48875,5.336359292881032
stadium,1.045045045045045,0.8588588588588588,0.8616071428571429,5.309790550414029
