,home,downtown,nature,nearby city
home,,,3.5678346810422283,5.743509865005192
local icon,3.2714156898106403,3.2714156898106403,,5.169678985702725
grocery,1.989247311827957,1.989247311827957,3.4620187304890737,5.920568851890392
hospital,2.248868778280543,2.248868778280543,2.7537254901960786,5.723972602739726
stadium,1.2941176470588236,1.2941176470588236,3.317434210526316,5.649932157394844
