,home,downtown,nature,nearby city
home,,1.066390041493776,1.7875647668393781,2.0907668231611893
local icon,1.4144736842105263,0.990909090909091,1.7912621359223302,2.084057971014493
grocery,1.375,1.8472222222222223,1.5255474452554745,1.9617486338797814
hospital,1.2804532577903682,1.1592356687898089,1.5329428989751097,1.3931451612903225
stadium,1.2196969696969697,1.1653543307086613,1.454031117397454,1.2633333333333334
