,home,downtown,nature,nearby city
home,,0.9578947368421052,3.6513409961685825,3.856983551714525
local icon,1.6101190476190477,1.278061224489796,3.303339517625232,3.831191088260497
grocery,1.6529680365296804,1.8929889298892988,3.5608656447249776,3.964665326055731
hospital,1.7587548638132295,1.3333333333333333,3.4027898866608544,3.896883852691218
stadium,2.0704225352112675,1.611764705882353,3.527,3.879385329080893
