,home,downtown,nature,nearby city
home,,,2.5044378698224854,1.9008547008547008
local icon,1.7018469656992083,1.7018469656992083,1.5108556832694764,2.7962747380675204
grocery,1.1587837837837838,1.1587837837837838,2.9302325581395348,2.4408396946564888
hospital,2.5803921568627453,2.5803921568627453,3.9400278940027893,4.834905660377358
stadium,1.8009478672985781,1.8009478672985781,2.142622950819672,3.068119891008174
