,home,downtown,nature,nearby city
home,,1.6578947368421053,3.4211438474870017,5.1512842224103865
local icon,2.1786542923433876,1.4192200557103065,3.1116584564860426,5.0954182429592265
grocery,1.5508021390374331,1.6429780033840948,3.8419689119170983,5.087369155617585
hospital,3.0061349693251533,1.7140115163147793,3.124125874125874,5.141742338251986
stadium,4.351906158357771,1.2382978723404254,3.0925221799746514,5.153609154929577
