,home,downtown,nature,nearby city
home,,1.1532846715328466,2.3296296296296295,5.054858934169279
local icon,1.7954545454545454,0.8325991189427313,1.9900497512437811,5.006565656565656
grocery,2.111111111111111,1.7863777089783281,2.0864197530864197,4.823033707865169
hospital,2.360655737704918,1.1029411764705883,2.0233644859813085,4.941295546558704
stadium,1.1353383458646618,0.7941176470588235,1.7528409090909092,4.79833984375
