,home,downtown,nature,nearby city
home,,1.9316770186335404,3.8513442277279917,5.238738738738738
local icon,2.1395775941230486,1.934065934065934,3.5794532251174713,5.377330716388617
grocery,2.6888297872340425,2.2561174551386625,3.6656093047845624,5.054729011689692
hospital,1.7403598971722365,1.0871459694989107,3.6878084896347483,4.5231168831168835
stadium,1.405451448040886,1.0766182298546896,3.292477769766883,4.7894736842105265
