,home,downtown,nature,nearby city
home,,2.005338078291815,3.351053159478435,5.282842582106455
local icon,2.5703839122486287,1.8181818181818181,3.5256525652565256,5.418467002071619
grocery,3.080691642651297,3.069252077562327,4.045454545454546,5.000281135788586
hospital,2.3112903225806454,1.920863309352518,3.4688832054560956,5.514539332721151
stadium,2.545620437956204,1.7611940298507462,3.6654545454545455,5.502886660589486
