,home,downtown,nature,nearby city
home,,1.6446280991735538,3.8250204415372036,5.595352915387988
local icon,2.0442477876106193,1.2043010752688172,3.6315789473684212,5.489885664028145
grocery,1.2142857142857142,1.400375939849624,3.5373900293255134,5.31420313790256
hospital,1.7583547557840618,1.495176848874598,3.44495765973826,5.40587977182975
stadium,1.7433962264150944,1.7552742616033756,3.7634936211972523,5.372576177285318
