,home,downtown,nature,nearby city
home,,1.0227272727272727,3.3045226130653265,5.563055555555556
local icon,1.5765765765765767,0.09923664122137404,3.391946992864424,5.317226890756302
grocery,1.9474671669793622,1.6357308584686774,3.4311750599520385,5.5792038992688875
hospital,1.7078039927404718,1.547307132459971,3.0965169953839697,5.6082390953150245
stadium,2.091617933723197,2.0593047034764824,3.9377483443708607,5.786450662739322
