,home,downtown,nature,nearby city
home,,1.4625322997416021,2.5949119373776908,5.768298594280174
local icon,0.9810606060606061,1.0490196078431373,2.8559670781893005,5.9582059123343525
grocery,1.7199367088607596,2.0595238095238093,3.608066184074457,5.362258953168044
hospital,1.4258064516129032,2.0,3.3013530135301354,5.470434327577185
stadium,1.3098958333333333,2.0176678445229683,3.5512010113780024,5.401257202723939
