,home,downtown,nature,nearby city
home,,0.9375,1.8151815181518152,3.249286393910561
local icon,0.6285714285714286,0.8459821428571429,1.65234375,2.7112417340191035
grocery,3.4939759036144578,2.4754098360655736,1.9751908396946565,3.857948139797069
hospital,1.5798611111111112,1.7400611620795108,2.559479553903346,3.672762271414822
stadium,1.4731182795698925,1.885304659498208,2.130925507900677,3.2992261392949267
