,home,downtown,nature,nearby city
home,,2.114010989010989,1.3952095808383234,4.462121212121212
local icon,2.186021505376344,1.2391304347826086,2.523266022827041,4.981916817359855
grocery,1.0526315789473684,2.1176470588235294,1.519736842105263,4.371488764044944
hospital,1.630691399662732,1.221122112211221,2.036876355748373,4.73875539125077
stadium,2.0307692307692307,1.359073359073359,2.0903814262023217,4.861469072164948
