,home,downtown,nature,nearby city
home,,1.1912568306010929,1.7523629489603025,4.135321100917431
local icon,1.4859437751004017,1.2905405405405406,1.621160409556314,4.365615615615615
grocery,1.5843373493975903,1.7515527950310559,2.0210896309314585,3.9507286606523246
hospital,1.4610951008645534,1.434074074074074,2.558467741935484,4.115461181154612
stadium,1.4362934362934363,1.1573275862068966,1.1529745042492918,4.23991195891416
