,home,downtown,nature,nearby city
home,,2.1307277628032346,1.8678500986193294,3.3295687885010268
local icon,2.4346456692913385,1.7359855334538878,1.7420289855072464,3.131407269338304
grocery,3.0,2.154471544715447,1.8721730580137659,3.341589267285862
hospital,2.346590909090909,1.4607329842931938,1.9079878665318504,3.68218085106383
stadium,4.065277777777778,4.272169167803547,4.192758253461129,3.0573248407643314
