,home,downtown,nature,nearby city
home,,1.948220064724919,1.6614035087719299,2.6969242310577646
local icon,1.7272727272727273,1.765017667844523,1.703422053231939,2.676814988290398
grocery,1.4301075268817205,1.7597765363128492,1.433179723502304,2.768876611418048
hospital,2.496124031007752,2.8262668045501553,2.558073654390935,1.5217391304347827
stadium,1.7174231332357248,2.123076923076923,2.0016920473773268,3.0289156626506024
