,home,downtown,nature,nearby city
home,,1.1730769230769231,3.197776012708499,4.870421668205601
local icon,1.7024793388429753,1.4700854700854702,3.2473444613050075,5.074050430896904
grocery,0.9828571428571429,1.1022222222222222,3.38258785942492,4.6763657957244655
hospital,1.5054704595185995,1.5069033530571991,3.170643528561099,4.510393258426967
stadium,1.5390334572490707,1.6044362292051757,2.9300657501494323,4.729573170731707
