,home,downtown,nature,nearby city
home,,1.6115288220551378,2.6645865834633384,4.037037037037037
local icon,2.7052401746724892,2.522935779816514,3.9177489177489178,4.262839879154079
grocery,2.272727272727273,2.676258992805755,3.0514372163388805,4.354292623941959
hospital,2.57700205338809,1.7004048582995952,3.037444933920705,3.998480243161094
stadium,2.6150627615062763,1.7364016736401673,3.0807174887892375,4.047765793528505
