,home,downtown,nature,nearby city
home,,1.8065395095367847,2.132911392405063,2.135546334716459
local icon,2.5117773019271947,2.036723163841808,1.7282608695652173,2.1485148514851486
grocery,1.3652173913043477,1.7072072072072073,2.2852233676975944,2.167621776504298
hospital,1.5052356020942408,1.8104089219330854,1.8517441860465116,2.068825910931174
stadium,2.5117773019271947,2.036723163841808,1.7282608695652173,2.1485148514851486
