,home,downtown,nature,nearby city
home,,2.3565989847715736,1.8754789272030652,3.831702544031311
local icon,2.6,0.7526315789473684,1.6916666666666667,3.7864978902953585
grocery,2.473913043478261,1.9239373601789709,1.8354679802955665,3.590879048248513
hospital,2.7935222672064777,1.320872274143302,1.8606403013182675,3.6563706563706564
stadium,2.1466836734693877,1.4200913242009132,1.6649746192893402,3.6970989761092152
