,home,downtown,nature,nearby city
home,,1.0790378006872852,1.3570093457943926,1.6758620689655173
local icon,1.7276119402985075,2.1025641025641026,1.338235294117647,2.506276150627615
grocery,1.547337278106509,1.384180790960452,0.961864406779661,2.0636704119850187
hospital,1.8833034111310591,1.8986175115207373,1.6040723981900453,2.0953237410071943
stadium,1.603988603988604,1.8601895734597156,2.0648464163822524,2.139455782312925
