,home,downtown,nature,nearby city
home,,1.4987405541561714,3.1481481481481484,3.1601307189542482
local icon,0.5452196382428941,1.9622166246851385,3.504938271604938,3.3857589984350547
grocery,1.4794520547945205,2.9056603773584904,3.418103448275862,3.100240577385726
hospital,2.3603793466807166,2.6732101616628174,2.9702660406885757,3.057813911472448
stadium,0.4,1.6,3.1965909090909093,3.1899109792284865
