,home,downtown,nature,nearby city
home,,1.7993138936535162,5.83033033033033,4.721019499462614
local icon,1.988235294117647,1.2989690721649485,5.084539664157498,5.020574787720444
grocery,2.4682651622002822,1.6827133479212253,5.2992220227408735,4.989067524115756
hospital,2.4046153846153846,1.638755980861244,5.376550868486352,4.870825456836799
stadium,2.0502008032128516,1.5034802784222738,4.669218989280245,5.19177368969108
