,home,downtown,nature,nearby city
home,,0.8518518518518519,3.6915728420334357,5.472137791286728
local icon,1.0341463414634147,1.0292682926829269,3.5167357347784507,5.421705034151278
grocery,1.1176470588235294,1.125,3.6758223126483554,5.485387547649301
hospital,1.6615384615384616,1.6307692307692307,3.6459793126459794,5.511340206185567
stadium,0.9621212121212122,1.5725190839694656,3.592036553524804,5.355769230769231
