,home,downtown,nature,nearby city
home,,1.4647302904564314,2.6556016597510372,4.313158922295978
local icon,1.4875,0.8857142857142857,2.8639667705088265,4.35286076938098
grocery,1.4776119402985075,1.5737265415549597,2.5941176470588236,4.332682164485251
hospital,2.3626373626373627,2.561797752808989,3.7512776831345827,4.651379712397979
stadium,1.9052823315118397,1.3506787330316743,2.5933579335793358,4.303024645257655
