,home,downtown,nature,nearby city
home,,1.411764705882353,3.1950549450549453,2.834159779614325
local icon,2.561104582843713,2.4619917501473187,2.8969957081545066,3.1268698060941826
grocery,1.6369863013698631,1.3473684210526315,3.4887387387387387,2.9928952042628776
hospital,1.942363112391931,1.5714285714285714,3.5192943770672547,3.1116341627437794
stadium,1.2462406015037595,1.151376146788991,3.2721451440768408,2.8778772378516626
