,home,downtown,nature,nearby city
home,,4.144050104384133,2.8933823529411766,8.921482845959014
local icon,2.3326612903225805,3.1255506607929515,,8.296249738110204
grocery,2.9552941176470586,1.561694290976059,2.982099267697315,8.443692168810653
hospital,4.230263157894737,1.0089285714285714,3.4824858757062147,9.0007215007215
stadium,5.073654390934844,1.5987654320987654,3.759897828863346,9.079495879786718
