,home,downtown,nature,nearby city
home,,1.6162790697674418,2.6765432098765434,5.1065118626956085
local icon,1.2903225806451613,1.560747663551402,2.316417910447761,5.253754531330917
grocery,2.4885057471264367,2.2832929782082325,3.0239520958083834,4.937934724451578
hospital,2.75,2.447530864197531,2.1563636363636363,5.138662316476346
stadium,2.5637149028077753,2.915492957746479,1.5420560747663552,5.124511446119486
