,home,downtown,nature,nearby city
home,,2.0166666666666666,1.8354661791590494,4.630988347000431
local icon,2.8135593220338984,2.1218697829716193,2.5886442641946696,4.541969917515769
grocery,1.2391304347826086,1.8444444444444446,1.764344262295082,4.633333333333334
hospital,4.142857142857143,3.908450704225352,2.588336192109777,4.842927264614012
stadium,2.779050736497545,2.111290322580645,2.570135746606335,4.478386167146974
