,home,downtown,nature,nearby city
home,,1.4583333333333333,1.4451612903225806,1.806910569105691
local icon,1.4627249357326477,0.7115384615384616,1.762532981530343,2.2323809523809524
grocery,0.9090909090909091,1.3239074550128536,1.5747126436781609,1.960880195599022
hospital,1.252836304700162,1.082142857142857,1.400329489291598,1.7689243027888446
stadium,1.6203904555314534,1.0339805825242718,1.8466666666666667,2.23993288590604
