,home,downtown,nature,nearby city
home,,1.2347417840375587,3.386648745519713,5.043168482816429
local icon,2.073873873873874,1.7228915662650603,3.4503784693019344,5.024806832045547
grocery,1.5807860262008733,1.1203007518796992,3.393497290537724,4.990483903624216
hospital,2.013333333333333,1.633867276887872,3.561324977618621,5.124214495182237
stadium,2.1352253756260433,1.5901408450704226,3.508992053534086,5.0490772662745895
