,home,downtown,nature,nearby city
home,,1.0956937799043063,1.3061926605504588,2.853099730458221
local icon,2.151315789473684,0.7414965986394558,1.2808098591549295,2.9142033165104544
grocery,1.4987341772151899,1.2385964912280703,1.2018954623779436,3.148329258353708
hospital,1.2687140115163147,1.02676399026764,1.2531682027649769,3.1305361305361306
stadium,2.0365591397849463,2.11875,1.194597912829957,2.4546607482561824
