,home,downtown,nature,nearby city
home,,1.2962962962962963,1.3853541416566626,5.066250600096016
local icon,1.351063829787234,,1.3274932614555257,5.3377082281675925
grocery,1.8333333333333333,1.9893617021276595,1.5714285714285714,5.041284403669724
hospital,1.6963696369636965,2.65702479338843,1.725531914893617,5.219151977131967
stadium,1.8440594059405941,2.705539358600583,1.8318924111431316,5.106315311222172
