,home,downtown,nature,nearby city
home,,1.0895522388059702,3.542372881355932,5.718712029161604
local icon,3.1669658886894076,3.1001926782273603,3.7192704203013482,6.0546369518332135
grocery,2.8576051779935274,2.4186704384724185,4.072916666666667,4.764285714285714
hospital,1.3454545454545455,0.9591836734693877,3.386934673366834,5.399884593190999
stadium,1.365625,0.8936170212765957,3.1636876763875823,5.441969519343494
