,home,downtown,nature,nearby city
home,,1.9419398907103824,2.8813953488372093,2.9853095487932846
local icon,1.8788927335640138,1.8978240302743614,2.3948497854077253,2.901918976545842
grocery,1.0579710144927537,1.9821059876118376,2.9030492572322126,3.1436651583710407
hospital,1.952998379254457,1.5225,3.926614481409002,3.164648910411622
stadium,2.124082721814543,0.9975961538461539,3.3078137332280977,3.273173391494002
