,home,downtown,nature,nearby city
home,,0.6842105263157895,3.5670391061452515,4.252525252525253
local icon,0.4444444444444444,0.4915254237288136,3.5335195530726256,4.246843434343434
grocery,1.5863095238095237,1.5820895522388059,3.37,4.158748551564311
hospital,2.9085106382978725,2.7142857142857144,3.2803129074315516,4.092138207310967
stadium,1.4044444444444444,1.3911111111111112,3.764102564102564,4.3075495049504955
