,home,downtown,nature,nearby city
home,,1.7450271247739602,1.7595238095238095,3.3608938547486034
local icon,2.1744471744471743,1.2844827586206897,1.5820224719101124,4.219376391982182
grocery,1.510204081632653,1.8484848484848484,1.7657657657657657,3.2646720368239355
hospital,1.128598848368522,1.2478527607361962,0.5578231292517006,3.2666666666666666
stadium,1.6184834123222749,1.1570512820512822,1.5,3.6149193548387095
