,home,downtown,nature,nearby city
home,,,1.4171993027309704,5.159130297778478
local icon,,,1.4171993027309704,5.159130297778478
grocery,1.0342465753424657,1.0342465753424657,1.4200414390657374,5.133072713057076
hospital,1.5217391304347827,1.5217391304347827,1.4008097165991902,5.050229709035222
stadium,1.0717703349282297,1.0717703349282297,1.3994787788533134,5.0603169718418215
