,home,downtown,nature,nearby city
home,,1.8183962264150944,3.1824849007765317,3.5723684210526314
local icon,1.13882863340564,1.1848484848484848,3.5276653171390016,3.6209223847019123
grocery,1.1777777777777778,1.7782426778242677,3.123102866779089,3.45
hospital,3.126984126984127,2.5558823529411763,3.541424093148231,3.8783542039355994
stadium,1.405135520684736,1.4643734643734643,3.961354961832061,3.4633534136546187
