,home,downtown,nature,nearby city
home,,1.093167701863354,2.750394944707741,6.241077019411397
local icon,1.5475206611570247,1.2670807453416149,2.287671232876712,5.164711632453568
grocery,2.241025641025641,1.5630252100840336,2.799163179916318,5.929857231533209
hospital,2.507042253521127,2.141649048625793,2.334502923976608,5.830468286899822
stadium,2.2882096069868996,2.098566308243728,2.557567917205692,5.784467188440698
