,home,downtown,nature,nearby city
home,,0.649746192893401,6.11051930758988,4.366849773107237
local icon,0.37745098039215685,0.3471502590673575,6.113560454241817,4.17235883424408
grocery,1.5490196078431373,0.9860724233983287,5.714972940469032,4.3087450707492465
hospital,1.6059907834101383,1.501002004008016,5.42838370565046,4.002518315018315
stadium,1.13125,0.7207792207792207,5.772952853598015,4.2366605335786565
