,home,downtown,nature,nearby city
home,,,2.230040595399188,3.4117147707979627
local icon,0.8431372549019608,0.8431372549019608,2.085978835978836,3.2894078398665556
grocery,1.6206896551724137,1.6206896551724137,2.01890359168242,2.7740793201133145
hospital,1.746177370030581,1.746177370030581,2.1025641025641026,2.8155767817781046
stadium,1.8325,1.8325,2.1204819277108435,2.750793650793651
