,home,downtown,nature,nearby city
home,,1.6299694189602447,2.1539763113367174,3.056179775280899
local icon,1.3369565217391304,,2.155893536121673,2.1973333333333334
grocery,1.4396135265700483,1.9220338983050846,2.753303964757709,2.9355400696864113
hospital,2.057239057239057,1.791530944625407,2.3304721030042916,2.4765625
stadium,1.685131195335277,1.7529411764705882,2.4597701149425286,2.159375
