,home,downtown,nature,nearby city
home,,1.171990171990172,2.681856540084388,3.4394736842105265
local icon,3.5234001910219677,2.6481481481481484,4.419682539682539,3.73387644263408
grocery,1.597864768683274,1.3311827956989248,2.8379237288135593,3.238881829733164
hospital,1.7555555555555555,1.5462555066079295,2.5437368789363193,3.6468330134357005
stadium,1.098360655737705,1.2470023980815348,2.7089494163424126,3.4419672131147543
