,home,downtown,nature,nearby city
home,,1.9090909090909092,2.2119815668202767,5.263580890013395
local icon,1.328125,1.384313725490196,1.6074313408723748,5.225647164447104
grocery,2.084233261339093,2.875728155339806,3.028530670470756,5.30289598108747
hospital,1.5474137931034482,1.675990675990676,2.207089552238806,5.2722584559381165
stadium,1.5285359801488834,1.5490196078431373,2.0570902394106816,5.281515151515151
