,home,downtown,nature,nearby city
home,,1.2153846153846153,2.974625144175317,2.22636815920398
local icon,1.3757396449704142,0.4473684210526316,2.910662824207493,2.4147424511545292
grocery,0.5909090909090909,1.2746113989637307,3.0255516840882692,2.272422464375524
hospital,1.8247767857142858,1.5143953934740884,2.9619450317124736,2.3935340022296545
stadium,1.6057818659658345,1.450777202072539,4.820809248554913,2.3010752688172045
