,home,downtown,nature,nearby city
home,,0.5146198830409356,2.005649717514124,6.81807180314643
local icon,0.7058823529411765,1.375,1.980327868852459,6.909090909090909
grocery,0.8095238095238095,0.8010471204188482,2.0,6.908754623921085
hospital,1.4791666666666667,1.3024691358024691,2.1091370558375635,6.758237395791981
stadium,0.9464285714285714,0.9477611940298507,2.298932384341637,6.99833748960931
