,home,downtown,nature,nearby city
home,,1.8711111111111112,1.8004338394793926,3.5360046457607432
local icon,1.8055555555555556,1.9837209302325582,1.795774647887324,3.9145480225988702
grocery,1.6114864864864864,2.034090909090909,1.9563636363636363,3.605159842961301
hospital,1.4064171122994653,1.7478510028653296,1.4947089947089947,3.605006105006105
stadium,1.7053291536050157,2.0086021505376346,1.6149068322981366,3.6283824413710164
