,home,downtown,nature,nearby city
home,,2.1923454367026496,2.123867069486405,3.145935960591133
local icon,2.71924882629108,5.167785234899329,2.8609195402298853,3.479396984924623
grocery,1.5838323353293413,2.077028885832187,1.9320866141732282,3.1595990747879723
hospital,2.35,1.5789473684210527,2.5608856088560885,3.809470124013529
stadium,2.3290766208251474,1.1049180327868853,2.7112010796221324,4.0552147239263805
