,home,downtown,nature,nearby city
home,,1.1126373626373627,2.489057239057239,5.316946959896507
local icon,1.268370607028754,0.7551020408163265,2.857294994675186,6.083269082498073
grocery,1.3966480446927374,1.438692098092643,2.272727272727273,5.191687344913151
hospital,1.2222222222222223,1.3246492985971945,2.1500364166059724,4.899421965317919
stadium,1.8309037900874636,1.3221757322175731,2.9165818921668363,5.997017151379567
