,home,downtown,nature,nearby city
home,,2.0500863557858375,3.508869179600887,3.317018909899889
local icon,3.0188383045525904,1.9956896551724137,2.8284313725490198,3.5445945945945945
grocery,2.0784313725490198,2.3674321503131526,3.646713615023474,3.609248554913295
hospital,2.046783625730994,1.7538994800693242,3.3097447795823665,3.0643513789581207
stadium,2.5688524590163935,0.9,2.9506037321624587,2.223650385604113
