,home,downtown,nature,nearby city
home,,2.6266094420600856,3.1797101449275362,5.1915760869565215
local icon,2.7013157894736843,1.219298245614035,2.95777027027027,5.445354072861236
grocery,2.464788732394366,3.1351819757365686,2.5860465116279068,5.404677533664068
hospital,3.044699872286079,1.6445497630331753,2.880916030534351,5.353346855983773
stadium,2.819484240687679,1.4578313253012047,3.1011804384485666,5.394947874899759
