,home,downtown,nature,nearby city
home,,2.394845360824742,3.335674157303371,2.2882991556091676
local icon,2.8792134831460676,3.065096952908587,,2.6626666666666665
grocery,1.4732142857142858,2.4825253664036078,3.6105563480741796,2.3077830188679247
hospital,2.432730923694779,1.679083094555874,2.904671717171717,2.9303482587064678
stadium,2.675615212527964,1.2535211267605635,3.3477011494252875,2.8877937831690677
