,home,downtown,nature,nearby city
home,,1.2307692307692308,1.140597539543058,6.1865776528461
local icon,1.288888888888889,1.4164989939637826,1.1723646723646723,5.96
grocery,1.773972602739726,1.275058275058275,1.386435331230284,6.108619481429573
hospital,1.6222222222222222,1.4264705882352942,1.2202283849918434,6.109878682842288
stadium,1.3790849673202614,1.4774590163934427,1.2106782106782106,5.98361751922434
