,home,downtown,nature,nearby city
home,,1.408,3.7301587301587302,1.8164179104477611
local icon,1.834817012858556,1.7276507276507276,1.8398510242085662,1.6104417670682731
grocery,2.1366120218579234,2.3760217983651226,1.7493403693931397,2.3199498117942285
hospital,1.624229979466119,1.4018691588785046,1.5436363636363637,2.2423664122137406
stadium,1.3907455012853471,0.9013452914798207,1.3274336283185841,1.9059405940594059
