,home,downtown,nature,nearby city
home,,0.9100817438692098,1.5617977528089888,1.6206896551724137
local icon,1.1894977168949772,0.40948275862068967,1.441326530612245,2.0525606469002695
grocery,1.7306122448979593,1.322884012539185,1.8625954198473282,2.411994784876141
hospital,1.4355179704016914,1.2739420935412027,1.6379647749510764,2.0818030050083474
stadium,1.4673913043478262,0.3829787234042553,1.9165302782324058,2.376689189189189
