,home,downtown,nature,nearby city
home,,0.8873239436619719,2.9085239085239087,4.920400459543739
local icon,2.514644351464435,2.034324942791762,,4.8224329627207325
grocery,1.5925925925925926,1.1658291457286432,2.8054474708171204,4.924225028702641
hospital,2.102661596958175,1.964705882352941,3.0806142034548945,4.966062602965404
stadium,1.4660633484162895,0.9401709401709402,3.170673076923077,4.854574898785425
