,home,downtown,nature,nearby city
home,,2.3344827586206898,3.4955489614243325,6.7388183324130315
local icon,4.331486146095718,4.848484848484849,4.5553977272727275,5.994631251766036
grocery,2.912663755458515,2.1166666666666667,4.211920529801325,7.121936274509804
hospital,1.5247349823321554,2.562300319488818,3.2515337423312882,6.478601252609604
stadium,2.3063063063063063,1.0934256055363323,5.178947368421053,7.12751256281407
