,home,downtown,nature,nearby city
home,,4.672131147540983,3.8852459016393444,8.506463195691202
local icon,2.901315789473684,0.7099236641221374,3.2562747688243063,8.315582558970693
grocery,3.8294573643410854,1.0735294117647058,3.430517711171662,8.367665530235062
hospital,2.7011494252873565,1.9407665505226481,3.372013651877133,7.966332872928176
stadium,3.4873417721518987,1.6391752577319587,3.374836173001311,8.297750803284542
