,home,downtown,nature,nearby city
home,,1.355072463768116,2.1036269430051813,2.1591203104786545
local icon,1.3137755102040816,0.6923076923076923,2.599056603773585,2.3786008230452675
grocery,0.9166666666666666,1.353080568720379,2.094871794871795,2.2063074901445465
hospital,1.8862275449101797,1.4940828402366864,2.208271787296898,2.265905383360522
stadium,1.5533980582524272,1.0,2.3745173745173744,2.39647577092511
