,home,downtown,nature,nearby city
home,,1.904109589041096,3.8629283489096573,5.460739309011839
local icon,1.0528846153846154,1.0059880239520957,3.747568710359408,5.3270515267175576
grocery,1.0836363636363637,1.0789473684210527,3.7084197428452925,5.45039100684262
hospital,1.4488188976377954,1.5794392523364487,3.9794367456414843,5.485768954795503
stadium,1.4141414141414141,1.0,3.858652575957728,5.428640541848089
