,home,downtown,nature,nearby city
home,,0.5,1.6401515151515151,5.565526315789474
local icon,0.47058823529411764,,1.717741935483871,5.586945031712474
grocery,1.7689655172413794,1.8020833333333333,1.9957537154989384,5.568783749035742
hospital,1.3137254901960784,1.3739495798319328,1.953125,5.744281045751634
stadium,1.1703703703703703,1.2687747035573123,1.6118721461187215,5.544067350697185
