,home,downtown,nature,nearby city
home,,1.868014268727705,1.070931849791377,3.169761273209549
local icon,1.840537944284342,0.9683908045977011,1.2298578199052133,2.8679525222551927
grocery,0.423963133640553,1.8005050505050506,0.9791666666666666,3.2310374891020053
hospital,1.5950413223140496,1.4234527687296417,1.2199747155499368,2.641041162227603
stadium,2.310010764262648,1.4501278772378516,1.3782608695652174,2.9911504424778763
