,home,downtown,nature,nearby city
home,,1.0783410138248848,1.8185255198487713,7.073970037453184
local icon,0.2483221476510067,1.0591715976331362,1.9068825910931173,6.957328385899815
grocery,1.8340425531914895,2.130977130977131,2.393574297188755,6.2988679245283015
hospital,2.0786948176583495,2.3421052631578947,2.517543859649123,6.226017441860465
stadium,1.4819532908704882,1.572944297082228,0.98,6.3694915254237285
