,home,downtown,nature,nearby city
home,,1.6320987654320989,1.5694915254237287,4.410745233968804
local icon,1.0323101777059773,1.1551724137931034,1.2157123834886818,4.115116279069768
grocery,1.8920308483290489,1.3083333333333333,1.744718309859155,4.788954635108481
hospital,1.7475728155339805,1.471556886227545,1.595505617977528,4.758803986710963
stadium,1.8483412322274881,1.2535211267605635,1.6376582278481013,4.694750486066105
