,home,downtown,nature,nearby city
home,,0.9849246231155779,2.4025641025641025,2.977567886658796
local icon,,0.9849246231155779,2.4025641025641025,2.977567886658796
grocery,2.3612167300380227,0.8268398268398268,2.707070707070707,3.2835443037974685
hospital,2.1295336787564767,0.9181034482758621,2.8685800604229605,3.2825788751714677
stadium,1.8519362186788155,1.259515570934256,2.389751552795031,2.9131334022750774
