,home,downtown,nature,nearby city
home,,1.2234848484848484,2.590730214254482,2.582482536270822
local icon,2.1083676268861455,2.130612244897959,2.955115244642135,2.4352941176470586
grocery,1.936,1.615598885793872,2.663099315068493,2.7157833430401865
hospital,1.4434250764525993,1.5844155844155845,2.7048022598870056,2.536847242557345
stadium,1.3782234957020056,1.6943521594684385,2.7935656836461127,2.7273877292852626
