,home,downtown,nature,nearby city
home,,1.8678304239401495,1.7272727272727273,4.384750527055517
local icon,2.0875912408759123,1.8952380952380952,,4.495124593716143
grocery,1.7585714285714287,2.09830866807611,1.8807339449541285,4.0673076923076925
hospital,1.8836206896551724,1.821522309711286,1.9828897338403042,3.974417098445596
stadium,1.949579831932773,2.074074074074074,1.9761904761904763,4.490566037735849
