,home,downtown,nature,nearby city
home,,1.64,2.5806451612903225,3.730603448275862
local icon,3.9327146171693736,1.251908396946565,2.7040194884287456,5.082337317397078
grocery,1.2162162162162162,1.8413098236775818,2.7192460317460316,4.684824902723736
hospital,2.217798594847775,1.89648033126294,2.7351598173515983,4.750764525993884
stadium,2.9634920634920636,1.3421052631578947,2.299287410926366,4.340958605664488
