,home,downtown,nature,nearby city
home,,2.2948717948717947,4.864705882352941,4.069095477386934
local icon,2.2857142857142856,1.6354166666666667,6.272836538461538,2.7824074074074074
grocery,2.0518207282913163,0.7571428571428571,6.0218181818181815,2.951219512195122
hospital,1.903323262839879,1.3628691983122363,5.5687693898655635,2.7629032258064514
stadium,2.0242510699001426,1.202247191011236,5.353178607467205,2.828846153846154
