,home,downtown,nature,nearby city
home,,1.849655172413793,1.6043956043956045,1.7845373891001268
local icon,1.9773706896551724,1.025242718446602,2.9170673076923075,3.0421155729676785
grocery,1.5346938775510204,2.5040518638573745,2.0509803921568626,1.946515397082658
hospital,1.1077844311377245,2.477386934673367,1.3568627450980393,2.2389127324749643
stadium,2.3198263386396527,1.8214285714285714,3.791596638655462,3.74234693877551
