,home,downtown,nature,nearby city
home,,1.264406779661017,3.4029850746268657,3.388888888888889
local icon,0.953307392996109,0.9169611307420494,2.929423459244533,2.977448907681466
grocery,1.5133333333333334,1.2804232804232805,3.2511111111111113,3.1695052716950527
hospital,1.1621004566210045,0.9528688524590164,3.1141011840688915,3.108047690014903
stadium,0.953307392996109,0.9169611307420494,2.929423459244533,2.977448907681466
