,home,downtown,nature,nearby city
home,,2.026315789473684,1.910547396528705,2.2553528945281522
local icon,3.0893536121673004,3.394422310756972,2.429951690821256,3.59244126659857
grocery,2.6666666666666665,2.072948328267477,1.9279891304347827,2.3373397435897436
hospital,1.1586206896551725,0.944,1.710855949895616,2.597938144329897
stadium,2.4423897581792318,2.5095367847411443,2.156469408224674,3.119098712446352
