,home,downtown,nature,nearby city
home,,1.28,4.239467849223947,4.330390920554855
local icon,4.056403731976251,4.2153518123667375,,4.0304458137006165
grocery,2.743119266055046,1.9699570815450644,4.107966033158108,3.115727002967359
hospital,0.07883817427385892,1.4303797468354431,4.256021409455843,4.426923076923077
stadium,2.217610062893082,1.9568434032059185,3.712786885245902,3.388333333333333
