,home,downtown,nature,nearby city
home,,1.420345489443378,2.33733681462141,2.49205448354143
local icon,2.28076525336091,2.2129344478662563,1.3995901639344261,2.919179734620024
grocery,1.4428571428571428,1.814748201438849,2.28915018706574,2.5170731707317073
hospital,1.5100671140939597,1.6027397260273972,2.353757225433526,2.6623122142390594
stadium,0.697841726618705,1.5270018621973929,2.3461744248261103,2.4608695652173913
