,home,downtown,nature,nearby city
home,,2.030249110320285,3.4878836833602587,5.398799313893654
local icon,1.86,2.488929889298893,5.333827893175074,4.479768786127168
grocery,1.030612244897959,2.0083194675540765,3.2279411764705883,5.311881188118812
hospital,2.56640625,3.1865079365079363,6.135283363802559,3.7333333333333334
stadium,2.0152380952380953,1.2023809523809523,5.2445759368836296,4.864069264069264
