,home,downtown,nature,nearby city
home,,1.2967741935483872,1.8825448613376836,3.287313432835821
local icon,2.3925353925353927,2.484375,2.472491909385113,3.3840852130325816
grocery,1.6859205776173285,1.2895927601809956,1.7593457943925233,3.056282722513089
hospital,1.8350785340314135,2.2,2.2657004830917873,3.206737120211361
stadium,1.7583497053045187,1.4308510638297873,1.893899204244032,3.0852764823451033
