,home,downtown,nature,nearby city
home,,1.811740890688259,2.465675057208238,5.471779141104294
local icon,1.9831932773109244,1.3786407766990292,2.3973288814691154,5.334372078529137
grocery,1.3594771241830066,1.9238095238095239,2.4689737470167064,5.573312401883831
hospital,1.076,2.9473684210526314,3.133977900552486,5.8
stadium,2.264851485148515,1.5611111111111111,2.2403697996918335,5.373471307619943
