,home,downtown,nature,nearby city
home,,1.291311754684838,0.9462102689486552,3.2105654761904763
local icon,1.907473309608541,1.657967032967033,1.1827768014059754,2.9779077322936973
grocery,2.846689895470383,2.3587521663778164,1.5817757009345794,3.838224228743416
hospital,1.980952380952381,1.408955223880597,1.7096774193548387,3.7343852728468114
stadium,1.973063973063973,1.3649025069637883,1.7772657450076805,4.078554595443833
