,home,downtown,nature,nearby city
home,,1.3650107991360692,1.625984251968504,3.271629778672032
local icon,1.9261992619926198,1.5807692307692307,2.123569794050343,3.6671476671476673
grocery,1.4618055555555556,1.219409282700422,1.8350515463917525,3.336658354114713
hospital,1.6997742663656885,1.2925311203319503,1.5776173285198556,3.487266553480475
stadium,1.4070631970260223,0.8561643835616438,1.8148148148148149,3.542790697674419
